point_code,site,Obs,Month,Day,Year,Elevation,Aspect,Slope,Prism,Prism BA (ft2/ac),LL Center,LL rand 1,LL rand 2,Woody Center,Woody rand 1,Woody rand 2,Herb Center,Herb rand 1,Herb rand 2,Fern Center,Fern rand 1,Fern rand 2,Rubus Center,Rubus rand 1,Rubus rand 2,Bare/Rock Center,Bare/Rock rand 1,Bare/Rock rand 2,Moss Center,Moss rand 1,Moss rand 2,CWD Center,CWD rand 1,CWD rand 2,Notes,<1.5m,>1.5m,Total,Transect Length,Std <1.5m,Std >1.5m,distance_to_forest_edge_m,canopy_cover_50m_avg,latitude,longitude,utm_E,utm_N,utm_zone,utm_letter
RK759,SGL034,"HAP, JTL",6.0,28.0,2020.0,648.6438496,274.9519007,1.69043548,14.0,140.0,55.0,35.0,80.0,0.0,0.0,5.0,0.0,0.0,0.0,45.0,65.0,0.0,0.0,0.0,0.0,0.0,0.0,0.0,0.0,0.0,15.0,0.0,2.0,0.0,,0.0,0.0,0.0,10.0,0.0,0.0,120.0,68.77777778,41.269001,-78.3638992,720807,4571971,17,T
RK701,SGL034,"HAP, JTL",6.0,19.0,2020.0,644.3120178,94.85382183,1.249313851,2.0,20.0,60.0,84.0,50.0,15.0,15.0,20.0,0.0,1.0,10.0,20.0,0.0,5.0,5.0,0.0,15.0,0.0,0.0,0.0,0.0,0.0,0.0,0.0,0.0,0.0,,33.0,42.0,75.0,10.0,3.3,4.2,494.7726746,81.77777778,41.2396011,-78.3159027,724928,4568830,17,T
RK749,SGL034,"HAP, JTL",6.0,28.0,2020.0,605.5089063,278.4100684,3.638039062,17.0,170.0,82.0,80.0,75.0,5.0,20.0,75.0,0.0,0.0,0.0,0.0,0.0,0.0,0.0,0.0,0.0,5.0,0.0,13.0,8.0,0.0,2.0,0.0,0.0,0.0,,8.0,7.0,15.0,10.0,0.8,0.7,152.9705811,88.44444444,41.2699013,-78.3725967,720075,4572049,17,T
RK609,SGL034,"HAP, JTL",6.0,24.0,2020.0,637.5485809,69.51539508,1.485684417,11.0,110.0,5.0,10.0,35.0,40.0,5.0,45.0,45.0,70.0,5.0,0.0,15.0,15.0,0.0,0.0,0.0,0.0,0.0,0.0,10.0,0.0,0.0,0.0,0.0,1.0,,43.0,15.0,58.0,10.0,4.3,1.5,30.0,77.75,41.2284012,-78.3087997,725562,4567605,17,T
RK692,SGL034,"HAP, JTL",6.0,19.0,2020.0,657.4428895,110.8505553,0.244394801,11.0,110.0,15.0,55.0,15.0,0.0,5.0,5.0,0.0,0.0,0.0,85.0,40.0,80.0,0.0,0.0,0.0,0.0,0.0,0.0,0.0,0.0,0.0,0.0,0.0,0.0,,20.0,1.0,21.0,10.0,2.0,0.1,150.0,82.42857143,41.2384987,-78.325798,724103,4568682,17,T
RK685,SGL034,"HAP, JTL",6.0,30.0,2020.0,534.5380486,225.5671417,0.475692372,9.0,90.0,67.0,98.0,96.0,0.0,1.0,2.0,0.0,1.0,0.0,22.0,0.0,0.0,0.0,0.0,0.0,8.0,0.0,2.0,3.0,0.0,0.0,0.0,0.0,0.0,,1.0,7.0,7.0,10.0,0.1,0.7,256.3200989,85.375,41.2155991,-78.2416,731240,4566360,17,T
RK729,SGL034,"HAP, JTL",6.0,21.0,2020.0,588.9806347,151.7128166,0.81098872,17.0,170.0,90.0,93.0,70.0,10.0,3.0,10.0,0.0,3.0,1.0,0.0,1.0,1.0,0.0,0.0,0.0,0.0,0.0,18.0,0.0,0.0,0.0,0.0,0.0,0.0,,15.0,5.0,20.0,10.0,1.5,0.5,189.7366638,80.44444444,41.2470016,-78.2723999,728548,4569765,17,T
RK684,SGL034,"HAP, JTL",6.0,30.0,2020.0,586.7916223,32.08373195,1.786655435,8.0,80.0,89.0,86.0,79.0,9.0,4.0,17.0,0.0,8.0,1.0,1.0,0.0,3.0,0.0,0.0,0.0,0.0,2.0,0.0,1.0,0.0,0.0,0.0,0.0,0.0,,2.0,6.0,8.0,10.0,0.2,0.6,420.0,86.25,41.2131004,-78.2565002,730000,4566043,17,T
RK741,SGL034,"HAP, JTL",6.0,28.0,2020.0,643.9803479,295.5127728,2.283372453,2.0,20.0,7.0,75.0,0.0,0.0,5.0,0.0,3.0,5.0,0.0,87.0,10.0,100.0,0.0,0.0,0.0,1.0,5.0,0.0,2.0,0.0,0.0,0.0,0.0,0.0,,2.0,2.0,4.0,10.0,0.2,0.2,161.5549469,72.66666667,41.2747993,-78.3611984,721013,4572622,17,T
RK611,SGL034,"HAP, JTL",6.0,21.0,2020.0,585.8720984,72.87708147,1.063726325,16.0,160.0,10.0,17.0,9.0,1.0,0.0,1.0,4.0,3.0,0.0,85.0,80.0,90.0,0.0,0.0,0.0,0.0,0.0,0.0,0.0,0.0,0.0,0.0,0.0,1.0,,2.0,6.0,8.0,10.0,0.2,0.6,611.8823242,87.25,41.2276001,-78.280899,727903,4567589,17,T
RK739,SGL034,"HAP, JTL",6.0,29.0,2020.0,648.7700485,325.7829601,0.85904292,16.0,160.0,25.0,45.0,15.0,10.0,2.0,5.0,35.0,3.0,40.0,20.0,45.0,40.0,0.0,0.0,0.0,0.0,0.0,0.0,10.0,5.0,0.0,2.0,0.0,1.0,,4.0,2.0,6.0,10.0,0.4,0.2,180.0,84.25,41.2719002,-78.3535004,721668,4572320,17,T
RK063,SGL034,"HAP, JTL",6.0,25.0,2020.0,648.1517522,222.4960492,0.127973522,7.0,70.0,20.0,0.0,10.0,0.0,0.0,0.0,60.0,0.0,0.0,20.0,100.0,90.0,0.0,0.0,0.0,0.0,0.0,0.0,0.0,0.0,0.0,0.0,0.0,0.0,,0.0,0.0,0.0,10.0,0.0,0.0,94.86833191,86.25,41.199501,-78.3100967,725553,4564393,17,T
RK687,SGL034,"HAP, JTL",6.0,23.0,2020.0,658.3655037,274.4991847,0.400908734,13.0,130.0,29.0,34.0,20.0,0.0,0.0,10.0,1.0,0.0,2.0,70.0,65.0,68.0,0.0,0.0,0.0,0.0,0.0,0.0,0.0,1.0,0.0,0.0,0.0,0.0,,2.0,1.0,3.0,10.0,0.2,0.1,270.0,87.11111111,41.2308006,-78.3302994,723752,4567816,17,T
RK742,SGL034,"HAP, JTL",6.0,29.0,2020.0,655.1770249,280.6381867,0.437233152,3.0,30.0,18.0,95.0,98.0,0.0,3.0,1.0,2.0,0.0,1.0,80.0,0.0,0.0,0.0,0.0,0.0,0.0,0.0,0.0,0.0,2.0,0.0,1.0,0.0,0.0,,0.0,8.0,8.0,10.0,0.0,0.8,169.7056274,79.55555556,41.266201,-78.3592987,721201,4571672,17,T
RK690,SGL034,"HAP, JTL",6.0,19.0,2020.0,663.0638727,87.57873084,0.523501344,20.0,200.0,10.0,14.0,25.0,0.0,1.0,5.0,5.0,5.0,5.0,85.0,80.0,65.0,0.0,0.0,0.0,0.0,0.0,0.0,0.0,0.0,0.0,0.0,0.0,0.0,,0.0,0.0,0.0,10.0,0.0,0.0,258.0697632,82.125,41.243,-78.3235016,724280,4569188,17,T
RK686,SGL034,BER ,7.0,1.0,2020.0,615.7160269,211.0786184,0.530016092,3.0,30.0,14.0,8.0,0.0,3.0,0.0,0.0,75.0,90.0,0.0,7.0,1.0,100.0,0.0,1.0,0.0,0.0,0.0,0.0,0.0,0.0,0.0,0.0,0.0,0.0,,8.0,0.0,8.0,10.0,0.8,0.0,240.0,81.625,41.219799,-78.2027969,734478,4566931,17,T
RK702,SGL034,"HAP, JTL",6.0,19.0,2020.0,644.3120178,94.85382183,1.249313851,2.0,20.0,5.0,54.0,40.0,0.0,25.0,5.0,15.0,1.0,0.0,20.0,5.0,50.0,60.0,15.0,5.0,0.0,0.0,0.0,0.0,0.0,0.0,0.0,1.0,0.0,,1.0,4.0,5.0,10.0,0.1,0.4,276.5863342,81.77777778,41.2412987,-78.3214035,724461,4569004,17,T
RK731,SGL034,BER ,7.0,1.0,2020.0,595.2291543,234.0802651,0.958008046,10.0,100.0,80.0,92.0,20.0,12.0,3.0,1.0,8.0,0.0,0.0,0.0,0.0,79.0,0.0,0.0,0.0,0.0,5.0,0.0,1.0,0.0,0.0,0.0,0.0,0.0,,0.0,5.0,5.0,10.0,0.0,0.5,742.1589966,83.875,41.2089005,-78.2160034,733410,4565685,17,T
RK607,SGL034,"HAP, JTL",6.0,24.0,2020.0,626.0954888,97.315765,1.420023624,13.0,130.0,33.0,15.0,44.0,2.0,2.0,20.0,0.0,3.0,10.0,65.0,80.0,25.0,0.0,0.0,0.0,0.0,0.0,0.0,0.0,0.0,1.0,0.0,0.0,1.0,,16.0,0.0,16.0,10.0,1.6,0.0,381.837677,82.875,41.2406006,-78.3074036,725637,4568963,17,T
RK016,SGL034,"HAP, JTL",6.0,21.0,2020.0,600.9627061,53.03900672,0.946339182,8.0,80.0,80.0,70.0,45.0,10.0,15.0,0.0,5.0,13.0,15.0,5.0,2.0,40.0,0.0,0.0,0.0,0.0,0.0,0.0,0.0,0.0,0.0,0.0,0.0,1.0,,16.0,0.0,16.0,10.0,1.6,0.0,134.1640778,73.5,41.2346001,-78.2894974,727158,4568344,17,T
RK616,SGL034,"HAP, JTL",6.0,21.0,2020.0,570.8574647,115.304248,0.429872397,11.0,110.0,25.0,10.0,10.0,25.0,15.0,15.0,10.0,0.0,0.0,40.0,75.0,75.0,0.0,0.0,0.0,0.0,0.0,0.0,0.0,0.0,0.0,0.0,0.0,0.0,,10.0,2.0,12.0,10.0,1.0,0.2,758.9466553,68.0,41.2266998,-78.2712021,728719,4567514,17,T
RK696,SGL034,"HAP, JTL",6.0,23.0,2020.0,662.2772858,65.27801492,0.914798324,9.0,90.0,88.0,97.0,94.0,2.0,2.0,5.0,0.0,1.0,3.0,0.0,0.0,2.0,0.0,0.0,0.0,5.0,0.0,1.0,5.0,0.0,5.0,0.0,0.0,0.0,,0.0,15.0,15.0,10.0,0.0,1.5,483.7354736,86.625,41.2289009,-78.3259964,724119,4567616,17,T
RK730,SGL034,"HAP, JTL",6.0,21.0,2020.0,584.3421695,86.1742279,0.616764705,17.0,170.0,10.0,15.0,10.0,10.0,5.0,0.0,65.0,15.0,15.0,0.0,65.0,75.0,15.0,0.0,0.0,0.0,0.0,0.0,0.0,0.0,0.0,0.0,0.0,0.0,,5.0,6.0,11.0,10.0,0.5,0.6,182.4828796,65.75,41.2419014,-78.281601,727795,4569175,17,T
RK601,SGL034,BER ,7.0,1.0,2020.0,534.5380486,225.5671417,0.475692372,8.0,80.0,0.0,75.0,48.0,5.0,15.0,2.0,10.0,0.0,20.0,0.0,0.0,0.0,0.0,0.0,0.0,5.0,5.0,20.0,80.0,5.0,10.0,0.0,0.0,0.0,,5.0,1.0,6.0,10.0,0.5,0.1,563.6488037,86.11111111,41.2117996,-78.2425003,731178,4565936,17,T
RK683,SGL034,"HAP, JTL",6.0,30.0,2020.0,563.9840586,39.03461264,0.171475126,3.0,30.0,85.0,0.0,85.0,11.0,100.0,7.0,0.0,0.0,8.0,2.0,0.0,0.0,0.0,0.0,0.0,0.0,0.0,0.0,2.0,0.0,0.0,0.0,0.0,0.0,,0.0,24.0,24.0,10.0,0.0,2.4,331.3608093,76.125,41.2174988,-78.2641983,729339,4566511,17,T
RK004,SGL034,"HAP, JTL",6.0,19.0,2020.0,656.9286267,347.9454528,0.701492061,12.0,120.0,52.0,30.0,70.0,0.0,2.0,0.0,0.0,0.0,25.0,45.0,65.0,0.0,2.0,0.0,5.0,0.0,0.0,0.0,1.0,3.0,0.0,0.0,0.0,0.0,,1.0,2.0,3.0,10.0,0.1,0.2,466.6904602,84.125,41.2504005,-78.3276978,723903,4569999,17,T
RK603,SGL034,"HAP, JTL",6.0,23.0,2020.0,645.670775,252.218257,0.789410425,13.0,130.0,35.0,20.0,30.0,0.0,2.0,1.0,0.0,0.0,0.0,65.0,78.0,69.0,0.0,0.0,0.0,0.0,0.0,0.0,0.0,0.0,0.0,0.0,1.0,0.0,,2.0,2.0,4.0,10.0,0.2,0.2,417.8516541,85.55555556,41.2275009,-78.336998,723201,4567432,17,T
RK738,SGL034,"HAP, JTL",6.0,24.0,2020.0,649.1628996,74.44250205,1.220199155,16.0,160.0,30.0,19.0,20.0,0.0,1.0,35.0,30.0,5.0,10.0,40.0,75.0,35.0,0.0,0.0,0.0,0.0,0.0,0.0,0.0,0.0,0.0,0.0,0.0,0.0,,10.0,9.0,19.0,10.0,1.0,0.9,182.4828796,88.125,41.2335014,-78.3184967,724732,4568146,17,T
RK747,SGL034,"HAP, JTL",6.0,28.0,2020.0,643.9803479,295.5127728,2.283372453,13.0,130.0,40.0,40.0,45.0,0.0,50.0,49.0,5.0,10.0,1.0,55.0,0.0,0.0,0.0,0.0,0.0,0.0,0.0,0.0,0.0,0.0,5.0,1.0,0.0,1.0,,9.0,0.0,9.0,10.0,0.9,0.0,254.5584259,85.25,41.2748985,-78.3662033,720594,4572620,17,T
RK695,SGL034,BER ,7.0,1.0,2020.0,609.0621156,222.6770272,0.576524717,8.0,80.0,0.0,30.0,0.0,0.0,20.0,0.0,0.0,45.0,0.0,100.0,0.0,100.0,0.0,0.0,0.0,0.0,0.0,0.0,0.0,5.0,0.0,0.0,0.0,0.0,,4.0,0.0,4.0,10.0,0.4,0.0,432.6661377,80.66666667,41.2142982,-78.2055969,734263,4566312,17,T
RK693,SGL034,BER ,7.0,1.0,2020.0,612.7630122,215.1717136,0.604708083,14.0,140.0,60.0,20.0,55.0,15.0,0.0,0.0,0.0,5.0,5.0,20.0,75.0,15.0,0.0,0.0,0.0,0.0,0.0,0.0,5.0,0.0,25.0,0.0,0.0,1.0,,0.0,4.0,4.0,10.0,0.0,0.4,300.0,82.88888889,41.2172012,-78.209198,733951,4566625,17,T
RK691,SGL034,"HAP, JTL",6.0,30.0,2020.0,534.5380486,225.5671417,0.475692372,10.0,100.0,70.0,15.0,10.0,10.0,0.0,0.0,0.0,0.0,0.0,15.0,85.0,90.0,0.0,0.0,0.0,0.0,0.0,0.0,5.0,0.0,0.0,0.0,0.0,0.0,,0.0,1.0,1.0,10.0,0.0,0.1,323.1098938,82.875,41.2186012,-78.2396011,731397,4566699,17,T
RK733,SGL034,"HAP, JTL",6.0,30.0,2020.0,553.1436774,80.64893289,0.904783172,13.0,130.0,40.0,60.0,45.0,47.0,25.0,0.0,0.0,10.0,7.0,10.0,3.0,33.0,0.0,0.0,0.0,0.0,0.0,0.0,3.0,2.0,15.0,0.0,0.0,0.0,,3.0,1.0,4.0,10.0,0.3,0.1,690.6518555,88.625,41.2178001,-78.2548981,730117,4566569,17,T
RK694,SGL034,BER ,7.0,1.0,2020.0,594.9510593,225.0391427,1.228925331,6.0,60.0,25.0,73.0,90.0,0.0,0.0,0.0,0.0,2.0,0.0,70.0,15.0,5.0,0.0,0.0,0.0,0.0,0.0,0.0,5.0,10.0,5.0,0.0,1.0,1.0,,0.0,11.0,11.0,10.0,0.0,1.1,247.3863373,82.2,41.2154007,-78.2301025,732205,4566369,17,T
RK732,SGL034,"HAP, JTL",6.0,30.0,2020.0,551.4866361,36.75072609,1.322442884,10.0,100.0,42.0,55.0,65.0,10.0,35.0,0.0,3.0,3.0,0.0,35.0,2.0,15.0,0.0,0.0,0.0,0.0,0.0,10.0,10.0,5.0,10.0,0.0,0.0,0.0,,5.0,6.0,11.0,10.0,0.5,0.6,161.5549469,88.875,41.2104988,-78.2490005,730637,4565774,17,T
RK760,SGL034,"HAP, JTL",6.0,29.0,2020.0,655.1770249,280.6381867,0.437233152,13.0,130.0,0.0,10.0,0.0,2.0,0.0,0.0,0.0,0.0,2.0,98.0,90.0,98.0,0.0,0.0,0.0,0.0,0.0,0.0,0.0,0.0,0.0,0.0,0.0,0.0,,0.0,0.0,0.0,10.0,0.0,0.0,228.4731903,86.0,41.2686005,-78.3595963,721168,4571938,17,T
RK734,SGL034,"HAP, JTL",6.0,24.0,2020.0,615.82488,116.2080384,1.418991072,16.0,160.0,5.0,35.0,80.0,0.0,2.0,3.0,0.0,3.0,0.0,94.0,2.0,7.0,0.0,0.0,0.0,0.0,0.0,0.0,1.0,8.0,10.0,0.0,0.0,0.0,,2.0,5.0,7.0,10.0,0.2,0.5,362.491394,76.44444444,41.2458992,-78.2975998,726440,4569577,17,T
RK007,SGL034,"HAP, JTL",6.0,24.0,2020.0,626.008714,71.57613356,1.47300454,7.0,70.0,7.0,10.0,3.0,3.0,0.0,2.0,15.0,60.0,30.0,75.0,30.0,65.0,0.0,0.0,0.0,0.0,0.0,0.0,0.0,0.0,0.0,0.0,0.0,0.0,,39.0,0.0,39.0,10.0,3.9,0.0,42.42640686,69.42857143,41.2322006,-78.3119965,725281,4568018,17,T
RK736,SGL034,"HAP, JTL",6.0,24.0,2020.0,608.637093,96.30935782,1.193122236,11.0,110.0,80.0,50.0,70.0,3.0,1.0,15.0,0.0,5.0,5.0,0.0,29.0,10.0,0.0,0.0,0.0,0.0,0.0,0.0,17.0,15.0,0.0,1.0,0.0,0.0,,5.0,14.0,19.0,10.0,0.5,1.4,189.7366638,82.25,41.2438011,-78.3031998,725978,4569329,17,T
RK746,SGL034,"HAP, JTL",6.0,28.0,2020.0,643.9803479,295.5127728,2.283372453,9.0,90.0,7.0,50.0,75.0,0.0,0.0,2.0,0.0,10.0,3.0,93.0,40.0,13.0,0.0,0.0,0.0,0.0,0.0,7.0,0.0,0.0,0.0,0.0,2.0,0.0,,0.0,0.0,0.0,10.0,0.0,0.0,210.0,48.22222222,41.2781982,-78.3630981,720843,4572994,17,T
RK751,SGL034,"HAP, JTL",6.0,28.0,2020.0,648.6438496,274.9519007,1.69043548,9.0,90.0,40.0,30.0,35.0,40.0,65.0,0.0,0.0,5.0,0.0,2.0,0.0,65.0,0.0,0.0,0.0,18.0,0.0,0.0,0.0,0.0,0.0,1.0,0.0,1.0,,2.0,0.0,2.0,10.0,0.2,0.0,67.08203888,77.75,41.2666016,-78.3649979,720723,4571702,17,T
RK735,SGL034,"HAP, JTL",6.0,24.0,2020.0,626.008714,71.57613356,1.47300454,16.0,160.0,69.0,88.0,90.0,17.0,2.0,8.0,3.0,7.0,0.0,10.0,0.0,1.0,0.0,0.0,0.0,0.0,0.0,0.0,1.0,3.0,1.0,0.0,0.0,0.0,,6.0,3.0,9.0,10.0,0.6,0.3,424.2640686,81.33333333,41.2374001,-78.3105011,725388,4568600,17,T
RK604,SGL034,BER ,7.0,1.0,2020.0,551.4456238,218.4409152,0.474533755,10.0,100.0,40.0,82.0,70.0,0.0,10.0,5.0,0.0,0.0,5.0,60.0,0.0,15.0,0.0,0.0,0.0,0.0,0.0,0.0,0.0,3.0,5.0,0.0,0.0,0.0,,1.0,8.0,9.0,10.0,0.1,0.8,960.0,80.88888889,41.2090988,-78.2329025,731992,4565662,17,T
RK065,SGL034,"HAP, JTL",6.0,23.0,2020.0,625.8207763,42.02760317,0.794640294,15.0,150.0,35.0,50.0,10.0,5.0,1.0,75.0,45.0,17.0,0.0,0.0,29.0,5.0,0.0,0.0,0.0,0.0,0.0,10.0,15.0,3.0,0.0,0.0,0.0,0.0,,4.0,0.0,4.0,10.0,0.4,0.0,90.0,82.125,41.1949005,-78.3386002,723178,4563808,17,T
RK606,SGL034,BER ,7.0,1.0,2020.0,609.0621156,222.6770272,0.576524717,19.0,190.0,40.0,35.0,55.0,0.0,5.0,10.0,10.0,5.0,0.0,50.0,55.0,35.0,0.0,0.0,0.0,0.0,0.0,0.0,0.0,0.0,0.0,0.0,0.0,0.0,,0.0,0.0,0.0,10.0,0.0,0.0,624.2595825,82.375,41.2098007,-78.209198,733977,4565803,17,T
RK753,SGL034,"HAP, JTL",6.0,28.0,2020.0,605.5089063,278.4100684,3.638039062,12.0,120.0,70.0,73.0,30.0,0.0,3.0,55.0,5.0,0.0,0.0,0.0,0.0,0.0,0.0,0.0,0.0,15.0,15.0,10.0,10.0,10.0,5.0,0.0,0.0,1.0,,13.0,0.0,13.0,10.0,1.3,0.0,360.0,86.66666667,41.2719002,-78.3743973,719917,4572266,17,T
RK062,SGL034,"HAP, JTL",6.0,23.0,2020.0,625.8207763,42.02760317,0.794640294,14.0,140.0,10.0,5.0,0.0,0.0,0.0,0.0,0.0,5.0,0.0,90.0,90.0,100.0,0.0,0.0,0.0,0.0,0.0,0.0,0.0,0.0,0.0,0.0,0.0,0.0,,8.0,0.0,8.0,10.0,0.8,0.0,342.0526428,83.88888889,41.1983986,-78.3374023,723267,4564200,17,T
RK661,SGL034,"HAP, JTL",6.0,23.0,2020.0,628.609024,123.7000579,0.725650945,20.0,200.0,70.0,50.0,90.0,7.0,5.0,8.0,17.0,10.0,2.0,6.0,30.0,0.0,0.0,0.0,0.0,0.0,0.0,0.0,0.0,5.0,0.0,0.0,1.0,0.0,,0.0,3.0,3.0,10.0,0.0,0.3,94.86833191,86.42857143,41.2060013,-78.3332977,723585,4565055,17,T
RK614,SGL034,"HAP, JTL",6.0,20.0,2020.0,600.9627061,53.03900672,0.946339182,11.0,110.0,40.0,30.0,95.0,15.0,1.0,5.0,15.0,29.0,0.0,30.0,40.0,0.0,0.0,0.0,0.0,0.0,0.0,0.0,0.0,0.0,0.0,0.0,0.0,0.0,,15.0,2.0,17.0,10.0,1.5,0.2,123.6931686,69.75,41.2308006,-78.2975006,726501,4567901,17,T
RK600,SGL034,"HAP, JTL",6.0,25.0,2020.0,648.1517522,222.4960492,0.127973522,12.0,120.0,20.0,5.0,35.0,15.0,0.0,60.0,0.0,0.0,0.0,60.0,95.0,5.0,0.0,0.0,0.0,0.0,0.0,0.0,5.0,0.0,0.0,1.0,0.0,0.0,,11.0,3.0,14.0,10.0,1.1,0.3,502.8916016,86.625,41.2027016,-78.3071976,725785,4564756,17,T
RK745,SGL034,"HAP, JTL",6.0,29.0,2020.0,660.3531558,346.0733057,0.50378412,16.0,160.0,35.0,65.0,15.0,65.0,5.0,86.0,0.0,0.0,0.0,0.0,10.0,0.0,0.0,0.0,0.0,0.0,10.0,0.0,0.0,10.0,0.0,1.0,0.0,0.0,,35.0,7.0,43.0,10.0,3.5,0.7,408.0441284,86.25,41.276001,-78.3491974,722014,4572786,17,T
RK615,SGL034,"HAP, JTL",6.0,20.0,2020.0,606.0701645,50.19491739,0.903632677,10.0,100.0,15.0,3.0,70.0,0.0,0.0,0.0,10.0,2.0,15.0,75.0,90.0,15.0,0.0,5.0,0.0,0.0,0.0,0.0,0.0,0.0,0.0,0.0,0.0,0.0,,0.0,0.0,0.0,10.0,0.0,0.0,210.0,82.66666667,41.2261009,-78.2889023,727238,4567401,17,T
RK010,SGL034,"HAP, JTL",6.0,23.0,2020.0,662.2772858,65.27801492,0.914798324,11.0,110.0,10.0,70.0,40.0,0.0,20.0,10.0,85.0,5.0,15.0,5.0,5.0,35.0,0.0,0.0,0.0,0.0,0.0,0.0,0.0,0.0,0.0,0.0,0.0,0.0,,16.0,0.0,16.0,10.0,1.6,0.0,523.9274902,87.44444444,41.2237015,-78.3272018,724036,4567036,17,T
RK752,SGL034,"HAP, JTL",6.0,28.0,2020.0,608.6352706,289.7894278,4.820532602,11.0,110.0,93.0,80.0,80.0,7.0,17.0,13.0,0.0,3.0,0.0,0.0,0.0,0.0,0.0,0.0,0.0,0.0,0.0,0.0,0.0,0.0,7.0,1.0,0.0,1.0,,0.0,0.0,0.0,10.0,0.0,0.0,234.3074951,83.125,41.2769012,-78.3725967,720051,4572826,17,T
RK602,SGL034,"HAP, JTL",6.0,21.0,2020.0,591.8485152,142.4665473,0.915831325,8.0,80.0,85.0,95.0,90.0,5.0,0.0,10.0,10.0,2.0,0.0,0.0,3.0,0.0,0.0,0.0,0.0,0.0,0.0,0.0,0.0,0.0,0.0,0.0,1.0,0.0,,6.0,4.0,10.0,10.0,0.6,0.4,150.0,68.25,41.2498016,-78.2770004,728153,4570064,17,T
RK758,SGL034,"HAP, JTL",6.0,28.0,2020.0,643.9803479,295.5127728,2.283372453,13.0,130.0,70.0,67.0,5.0,15.0,5.0,0.0,12.0,3.0,0.0,0.0,0.0,95.0,0.0,0.0,0.0,0.0,0.0,0.0,3.0,25.0,0.0,0.0,1.0,0.0,,0.0,1.0,1.0,10.0,0.0,0.1,241.8677368,80.875,41.2719994,-78.3628998,720880,4572307,17,T
RK001,SGL034,"HAP, JTL",6.0,19.0,2020.0,665.5835467,275.3451852,0.374807859,12.0,120.0,45.0,85.0,70.0,10.0,5.0,0.0,20.0,20.0,5.0,25.0,0.0,25.0,0.0,0.0,0.0,0.0,0.0,0.0,0.0,0.0,0.0,0.0,0.0,0.0,,2.0,1.0,3.0,10.0,0.2,0.1,150.0,86.25,41.2485008,-78.3346024,723331,4569770,17,T
RK1033,Ohiopyle,RSC/KLM,6.0,28.0,2021.0,462.4507409,93.57430556,2.995084992,10.0,100.0,80.0,65.0,45.0,10.0,10.0,35.0,10.0,20.0,20.0,0.0,5.0,0.0,0.0,0.0,0.0,0.0,0.0,0.0,0.0,0.0,0.0,0.0,0.0,0.0,,5.0,1.0,6.0,10.0,0.5,0.1,637.8087769,86.125,39.9025002,-79.4951019,628643,4418020,17,S
RK990,Ohiopyle,"TJH,LJV",7.0,3.0,2021.0,589.7159495,270.0488282,2.051462763,20.0,200.0,35.0,40.0,25.0,5.0,10.0,60.0,5.0,25.0,10.0,45.0,10.0,0.0,0.0,0.0,0.0,0.0,5.0,5.0,10.0,10.0,0.0,0.0,0.0,0.0,,19.0,2.0,21.0,10.0,1.9,0.2,123.6931686,85.5,39.8091011,-79.5,628398,4407646,17,S
RK961,Ohiopyle,"TJH,LJV",7.0,2.0,2021.0,506.6948414,43.66989069,2.285772803,11.0,110.0,30.0,40.0,45.0,20.0,0.0,10.0,10.0,10.0,30.0,40.0,50.0,15.0,0.0,0.0,0.0,0.0,0.0,0.0,0.0,0.0,0.0,0.0,0.0,0.0,,6.0,1.0,7.0,10.0,0.6,0.1,339.4112549,86.45454545,39.8563995,-79.5057983,627814,4412887,17,S
RK610,SGL034,"KBB, RSC",7.0,8.0,2021.0,635.7635512,260.970929,0.611436019,6.0,60.0,97.0,100.0,95.0,3.0,0.0,1.0,0.0,0.0,0.0,0.0,0.0,0.0,0.0,0.0,0.0,0.0,0.0,0.0,0.0,0.0,4.0,1.0,0.0,0.0,,0.0,0.0,0.0,10.0,0.0,0.0,30.0,42.125,41.1977997,-78.3201981,724711,4564178,17,T
RK1050,Ohiopyle,KLM/CPC,6.0,29.0,2021.0,512.354716,54.09541628,2.104737233,14.0,140.0,25.0,5.0,45.0,0.0,10.0,0.0,65.0,85.0,50.0,0.0,0.0,0.0,0.0,0.0,0.0,0.0,0.0,0.0,10.0,0.0,5.0,1.0,0.0,0.0,,0.0,0.0,0.0,10.0,0.0,0.0,123.6931686,90.125,39.8863983,-79.5067978,627673,4416216,17,S
RK1049,Ohiopyle,"TJH,LJV",6.0,29.0,2021.0,535.9516526,75.52824247,2.473327729,15.0,150.0,45.0,55.0,40.0,15.0,10.0,20.0,0.0,10.0,0.0,40.0,25.0,40.0,0.0,0.0,0.0,0.0,0.0,0.0,0.0,0.0,0.0,0.0,0.0,0.0,,14.0,0.0,14.0,10.0,1.4,0.0,898.9994507,89.44444444,39.8928986,-79.520401,626498,4416918,17,S
RK1003,Ohiopyle,AEH/CPC,7.0,2.0,2021.0,609.5250251,203.4861612,2.671853358,11.0,110.0,50.0,25.0,85.0,25.0,10.0,15.0,5.0,5.0,0.0,0.0,60.0,0.0,0.0,0.0,0.0,5.0,0.0,0.0,15.0,0.0,0.0,0.0,1.0,1.0,,3.0,2.0,5.0,10.0,0.3,0.2,780.0,89.22222222,39.862999,-79.4620972,631540,4413683,17,S
RK949,Ohiopyle,"TJH,LJV",7.0,3.0,2021.0,655.5400518,241.9422121,2.88005092,11.0,110.0,88.0,40.0,15.0,10.0,40.0,5.0,0.0,20.0,5.0,0.0,0.0,75.0,0.0,0.0,0.0,0.0,0.0,0.0,2.0,0.0,0.0,0.0,0.0,0.0,,1.0,5.0,6.0,10.0,0.1,0.5,453.9823608,88.77777778,39.8027,-79.4875031,629480,4406953,17,S
RK936,Ohiopyle,"TJH,LJV",7.0,2.0,2021.0,506.6948414,43.66989069,2.285772803,22.0,220.0,90.0,60.0,55.0,5.0,0.0,0.0,2.0,25.0,15.0,0.0,15.0,10.0,0.0,0.0,0.0,3.0,0.0,5.0,0.0,0.0,15.0,0.0,0.0,0.0,,1.0,0.0,1.0,10.0,0.1,0.0,379.4733276,89.66666667,39.8558006,-79.5131989,627182,4412810,17,S
RK983,Ohiopyle,SGS/FD,7.0,6.0,2021.0,611.9142149,183.1079441,5.261287191,12.0,120.0,25.0,80.0,55.0,0.0,0.0,0.0,50.0,20.0,30.0,20.0,0.0,0.0,0.0,0.0,0.0,0.0,0.0,5.0,5.0,0.0,10.0,1.0,0.0,0.0,,11.0,2.0,13.0,10.0,1.1,0.2,888.4255371,87.11111111,39.8634987,-79.4431,633164,4413767,17,S
RK945,Ohiopyle,"LJV, TJH",7.0,3.0,2021.0,678.8324362,258.6585632,4.489742541,14.0,140.0,70.0,85.0,70.0,0.0,0.0,0.0,0.0,0.0,10.0,20.0,10.0,10.0,0.0,0.0,0.0,5.0,2.0,5.0,5.0,3.0,5.0,0.0,0.0,0.0,,0.0,0.0,0.0,10.0,0.0,0.0,1168.460571,88.77777778,39.8078995,-79.4813004,630001,4407539,17,S
RK728,SGL034,"KBB, RSC",7.0,8.0,2021.0,635.3633654,309.992108,0.449686905,11.0,110.0,90.0,90.0,65.0,10.0,3.0,5.0,0.0,0.0,0.0,0.0,7.0,0.0,0.0,0.0,0.0,0.0,0.0,30.0,0.0,0.0,0.0,1.0,0.0,0.0,,0.0,0.0,0.0,10.0,0.0,0.0,30.0,49.11111111,41.1954994,-78.322998,724484,4563915,17,T
RK969,Ohiopyle,AEH/CPC,6.0,30.0,2021.0,506.7727816,157.8049837,3.320017126,8.0,80.0,0.0,40.0,45.0,0.0,30.0,40.0,85.0,20.0,0.0,0.0,0.0,0.0,0.0,0.0,0.0,15.0,10.0,15.0,0.0,0.0,0.0,1.0,1.0,1.0,CERW singing nearby. Recent burn area,5.0,0.0,5.0,10.0,0.5,0.0,212.1320343,84.55555556,39.8574982,-79.4608994,631653,4413074,17,S
RK923,Ohiopyle,CJF/CPC,6.0,22.0,2021.0,512.354716,54.09541628,2.104737233,10.0,100.0,30.0,80.0,75.0,15.0,0.0,10.0,50.0,15.0,10.0,5.0,5.0,5.0,0.0,0.0,0.0,0.0,0.0,0.0,0.0,0.0,0.0,0.0,1.0,0.0,,10.0,7.0,17.0,10.0,1.0,0.7,510.8815918,88.77777778,39.8895988,-79.513298,627111,4416562,17,S
RK920,Ohiopyle,KLM/RSC,6.0,28.0,2021.0,462.4507409,93.57430556,2.995084992,14.0,140.0,45.0,30.0,25.0,30.0,10.0,5.0,25.0,20.0,0.0,0.0,40.0,40.0,0.0,0.0,0.0,0.0,0.0,0.0,0.0,0.0,30.0,0.0,0.0,1.0,,19.0,3.0,22.0,10.0,1.9,0.3,424.2640686,88.0,39.9019012,-79.5024033,628020,4417943,17,S
RK986,Ohiopyle,"TJH,LJV",7.0,3.0,2021.0,623.1061397,264.3613772,3.434582476,14.0,140.0,20.0,10.0,80.0,75.0,10.0,10.0,5.0,0.0,10.0,0.0,80.0,0.0,0.0,0.0,0.0,0.0,0.0,0.0,0.0,0.0,0.0,0.0,0.0,1.0,,0.0,0.0,0.0,10.0,0.0,0.0,150.0,87.88888889,39.8133011,-79.4944992,628861,4408120,17,S
RK895,Ohiopyle,KLM/CPC,6.0,29.0,2021.0,450.0787821,16.00593767,1.393204353,16.0,160.0,80.0,85.0,70.0,10.0,5.0,5.0,0.0,0.0,0.0,0.0,0.0,25.0,0.0,0.0,0.0,5.0,0.0,0.0,5.0,10.0,0.0,0.0,1.0,0.0,,1.0,17.0,17.0,10.0,0.1,1.7,305.9411621,86.33333333,39.8942986,-79.4817963,629796,4417129,17,S
RK1013,Ohiopyle,RSC/KBB,6.0,29.0,2021.0,617.583508,72.65584312,2.318083292,15.0,150.0,20.0,20.0,5.0,0.0,40.0,0.0,45.0,0.0,5.0,0.0,40.0,90.0,0.0,0.0,0.0,0.0,0.0,0.0,35.0,0.0,0.0,0.0,0.0,0.0,,9.0,0.0,9.0,10.0,0.9,0.0,417.8516541,87.0,39.9094009,-79.5317001,625502,4418734,17,S
RK1037,Ohiopyle,"TJH,LJV",7.0,2.0,2021.0,516.1535272,73.95292768,1.708565502,12.0,120.0,60.0,70.0,45.0,30.0,25.0,20.0,5.0,5.0,35.0,5.0,0.0,0.0,0.0,0.0,0.0,0.0,0.0,0.0,0.0,0.0,0.0,0.0,0.0,0.0,,8.0,5.0,13.0,10.0,0.8,0.5,127.279213,83.44444444,39.8400002,-79.5102005,627468,4411061,17,S
RK958,Ohiopyle,"KBB, RSC",6.0,29.0,2021.0,556.3123321,87.78993102,2.839758389,19.0,190.0,75.0,5.0,10.0,10.0,15.0,60.0,0.0,0.0,20.0,0.0,80.0,10.0,0.0,0.0,0.0,0.0,0.0,0.0,15.0,0.0,0.0,0.0,0.0,0.0,WOTH singing,8.0,2.0,10.0,10.0,0.8,0.2,502.8916016,89.75,39.9053993,-79.5139008,627030,4418315,17,S
RK1010,Ohiopyle,KLM/CPC,6.0,29.0,2021.0,489.935973,101.9815954,2.208848073,13.0,130.0,65.0,25.0,80.0,5.0,50.0,5.0,0.0,10.0,15.0,30.0,10.0,0.0,0.0,0.0,0.0,0.0,0.0,0.0,0.0,5.0,0.0,0.0,0.0,0.0,,1.0,7.0,8.0,10.0,0.1,0.7,123.6931686,87.11111111,39.8895988,-79.490303,629077,4416595,17,S
RK939,Ohiopyle,AEH/CPC,7.0,2.0,2021.0,421.3316808,31.93267309,2.418297638,3.0,30.0,5.0,30.0,35.0,0.0,0.0,15.0,95.0,65.0,50.0,0.0,0.0,0.0,0.0,0.0,0.0,0.0,0.0,0.0,0.0,5.0,0.0,0.0,1.0,0.0,,3.0,2.0,5.0,10.0,0.3,0.2,67.08203888,81.33333333,39.8464012,-79.4554977,632136,4411851,17,S
RK1029,Ohiopyle,"TJH,LJV",6.0,29.0,2021.0,615.2049407,96.28313611,3.003918984,13.0,130.0,55.0,20.0,20.0,5.0,0.0,5.0,20.0,60.0,75.0,15.0,20.0,0.0,0.0,0.0,0.0,0.0,0.0,0.0,5.0,0.0,0.0,0.0,0.0,1.0,,1.0,3.0,4.0,10.0,0.1,0.3,931.9334717,91.44444444,39.8946991,-79.535202,625229,4417097,17,S
RK905,Ohiopyle,RSC/KLM,6.0,30.0,2021.0,577.8646889,9.228217548,5.418088897,7.0,70.0,10.0,75.0,45.0,0.0,0.0,30.0,75.0,15.0,10.0,10.0,5.0,15.0,5.0,0.0,0.0,0.0,0.0,0.0,0.0,5.0,0.0,0.0,0.0,1.0,,3.0,0.0,3.0,10.0,0.3,0.0,402.492218,88.66666667,39.8387985,-79.4704971,630867,4410985,17,S
RK902,Ohiopyle,"KBB, RSC",6.0,29.0,2021.0,590.7161154,97.40936443,2.946236963,18.0,180.0,10.0,75.0,50.0,5.0,5.0,25.0,5.0,15.0,0.0,75.0,0.0,5.0,0.0,0.0,0.0,0.0,0.0,15.0,5.0,5.0,5.0,0.0,0.0,0.0,,6.0,1.0,7.0,10.0,0.6,0.1,840.0,91.375,39.901001,-79.5215988,626380,4417815,17,S
RK921,Ohiopyle,CJF,7.0,3.0,2021.0,544.549542,123.2254237,2.819264239,9.0,90.0,55.0,45.0,25.0,30.0,0.0,10.0,15.0,0.0,65.0,0.0,0.0,0.0,0.0,0.0,0.0,0.0,45.0,0.0,0.0,10.0,0.0,0.0,0.0,0.0,,3.0,11.0,14.0,10.0,0.3,1.1,189.7366638,85.0,39.8656006,-79.5214996,626454,4413886,17,S
RK984,Ohiopyle,AEH/CPC,6.0,30.0,2021.0,472.7359487,270.5919784,3.514083668,11.0,110.0,80.0,75.0,45.0,5.0,15.0,30.0,0.0,5.0,20.0,5.0,0.0,0.0,0.0,0.0,0.0,10.0,5.0,5.0,0.0,0.0,0.0,0.0,0.0,0.0,,6.0,2.0,8.0,10.0,0.6,0.2,201.246109,88.5,39.8647003,-79.4769974,630262,4413850,17,S
RK1059,Ohiopyle,CJF/CPC,6.0,28.0,2021.0,466.8812266,48.91798839,2.732031961,10.0,100.0,60.0,40.0,50.0,10.0,0.0,25.0,20.0,10.0,15.0,0.0,5.0,10.0,0.0,40.0,0.0,0.0,5.0,0.0,10.0,0.0,0.0,0.0,0.0,0.0,,10.0,4.0,14.0,10.0,1.0,0.4,648.9992676,84.375,39.9220009,-79.4957962,628547,4420183,17,S
RK917,Ohiopyle,"KBB, AH",7.0,3.0,2021.0,855.6638186,281.8659506,2.861328639,9.0,90.0,55.0,30.0,30.0,25.0,30.0,10.0,0.0,5.0,0.0,15.0,35.0,60.0,0.0,0.0,0.0,0.0,0.0,0.0,5.0,0.0,0.0,0.0,0.0,1.0,,2.0,0.0,2.0,10.0,0.2,0.0,241.8677368,88.44444444,39.8277016,-79.4371033,633746,4409803,17,S
RK1031,Ohiopyle,RSC/KBB,6.0,29.0,2021.0,514.276092,96.30063347,3.109987824,16.0,160.0,25.0,5.0,25.0,5.0,0.0,5.0,0.0,10.0,40.0,65.0,85.0,15.0,0.0,0.0,0.0,0.0,0.0,10.0,5.0,0.0,5.0,0.0,0.0,1.0,,23.0,4.0,27.0,10.0,2.3,0.4,174.9285583,86.875,39.9021988,-79.5112,627267,4417963,17,S
RK943,Ohiopyle,KLM/RSC,7.0,3.0,2021.0,839.5241415,309.5795926,0.376082516,8.0,80.0,90.0,75.0,30.0,0.0,0.0,10.0,5.0,15.0,0.0,5.0,5.0,40.0,0.0,0.0,20.0,0.0,0.0,0.0,0.0,0.0,0.0,0.0,0.0,0.0,,1.0,1.0,2.0,10.0,0.1,0.1,680.1470337,88.0,39.8161011,-79.4462967,632982,4408501,17,S
RK1026,Ohiopyle,SGS/FD,7.0,5.0,2021.0,855.6638186,281.8659506,2.861328639,11.0,110.0,25.0,90.0,55.0,70.0,0.0,0.0,5.0,10.0,0.0,0.0,0.0,0.0,0.0,0.0,35.0,0.0,0.0,0.0,0.0,0.0,10.0,0.0,1.0,0.0,,21.0,4.0,25.0,10.0,2.1,0.4,530.7542114,89.33333333,39.8242989,-79.4329987,634104,4409431,17,S
RK962,Ohiopyle,KLM/CPC,6.0,29.0,2021.0,462.3366957,51.87999997,2.189231701,11.0,110.0,80.0,80.0,90.0,20.0,0.0,0.0,0.0,5.0,5.0,0.0,10.0,0.0,0.0,0.0,0.0,0.0,5.0,0.0,0.0,0.0,5.0,0.0,0.0,0.0,,10.0,4.0,14.0,10.0,1.0,0.4,941.5413208,88.25,39.8972015,-79.4981995,628388,4417427,17,S
RK935,Ohiopyle,AEH/CPC,7.0,2.0,2021.0,771.6020518,115.7997811,4.13242269,11.0,110.0,55.0,30.0,50.0,5.0,55.0,25.0,0.0,10.0,15.0,25.0,5.0,10.0,0.0,0.0,0.0,5.0,0.0,0.0,10.0,0.0,0.0,0.0,0.0,0.0,,0.0,0.0,0.0,10.0,0.0,0.0,573.1491699,88.125,39.8115997,-79.4329987,634129,4408021,17,S
RK1036,Ohiopyle,AEH/CPC,7.0,2.0,2021.0,535.9012149,253.4713228,4.092155134,6.0,60.0,45.0,50.0,55.0,50.0,40.0,30.0,5.0,5.0,10.0,0.0,5.0,0.0,0.0,0.0,0.0,0.0,0.0,0.0,0.0,0.0,5.0,0.0,0.0,0.0,,7.0,2.0,9.0,10.0,0.7,0.2,732.3933105,85.5,39.8651009,-79.468399,630997,4413907,17,S
RK1048,Ohiopyle,"CJF, KBB",7.0,2.0,2021.0,669.5317334,145.4730163,4.519714207,20.0,200.0,19.0,15.0,70.0,12.0,15.0,10.0,69.0,70.0,15.0,0.0,0.0,0.0,0.0,0.0,0.0,0.0,0.0,5.0,0.0,0.0,0.0,0.0,0.0,0.0,,10.0,1.0,11.0,10.0,1.0,0.1,417.8516541,89.42857143,39.8697014,-79.4309006,634195,4414474,17,S
RK888,Ohiopyle,"LJV, TJH",7.0,3.0,2021.0,743.3874919,248.4726613,3.991952772,23.0,230.0,40.0,20.0,15.0,50.0,80.0,10.0,10.0,0.0,0.0,0.0,0.0,75.0,0.0,0.0,0.0,0.0,0.0,0.0,0.0,0.0,0.0,0.0,0.0,0.0,,1.0,0.0,1.0,10.0,0.1,0.0,1110.405396,87.33333333,39.8124008,-79.4791031,630181,4408042,17,S
RK1040,Ohiopyle,RSC/KLM,7.0,3.0,2021.0,826.2205205,308.0483583,1.992288821,8.0,80.0,30.0,15.0,85.0,30.0,5.0,15.0,0.0,0.0,0.0,20.0,80.0,0.0,0.0,0.0,0.0,0.0,0.0,0.0,20.0,0.0,0.0,0.0,0.0,0.0,,2.0,4.0,6.0,10.0,0.2,0.4,1288.254639,89.0,39.8112984,-79.4593964,631870,4407949,17,S
RK911,Ohiopyle,"SGS,FDD",7.0,6.0,2021.0,476.2153722,183.9643333,3.994174375,9.0,90.0,10.0,70.0,25.0,0.0,10.0,10.0,75.0,20.0,75.0,0.0,0.0,0.0,0.0,0.0,0.0,15.0,0.0,0.0,0.0,0.0,0.0,0.0,0.0,0.0,,12.0,8.0,20.0,10.0,1.2,0.8,127.279213,89.44444444,39.8557014,-79.4465027,632888,4412896,17,S
RK890,Ohiopyle,RSC/KLM,6.0,30.0,2021.0,527.9330455,291.4283575,3.765033711,7.0,70.0,10.0,85.0,90.0,30.0,15.0,10.0,10.0,0.0,0.0,0.0,0.0,0.0,0.0,0.0,0.0,10.0,0.0,0.0,40.0,0.0,0.0,0.0,2.0,0.0,,3.0,3.0,6.0,10.0,0.3,0.3,84.85281372,82.5,39.8414001,-79.4829025,629801,4411256,17,S
RK622,SGL034,RSC/KBB,7.0,8.0,2021.0,626.6377106,341.708042,0.729606189,7.0,70.0,85.0,80.0,55.0,2.0,2.0,10.0,0.0,0.0,20.0,0.0,0.0,0.0,0.0,0.0,0.0,0.0,10.0,0.0,13.0,3.0,15.0,2.0,0.0,0.0,,0.0,2.0,2.0,10.0,0.0,0.2,0.0,30.875,41.1960983,-78.3270035,724146,4563971,17,T
RK1042,Ohiopyle,"LJV, TJH",7.0,3.0,2021.0,678.8324362,258.6585632,4.489742541,20.0,200.0,70.0,85.0,60.0,20.0,10.0,25.0,10.0,5.0,0.0,0.0,0.0,0.0,0.0,0.0,0.0,0.0,0.0,0.0,0.0,0.0,15.0,0.0,1.0,0.0,,0.0,3.0,3.0,10.0,0.0,0.3,876.1848755,88.11111111,39.8077011,-79.4869995,629514,4407509,17,S
RK1018,Ohiopyle,KLM/CPC,6.0,29.0,2021.0,415.7891072,340.4469006,1.22467711,11.0,110.0,65.0,60.0,70.0,10.0,0.0,15.0,10.0,10.0,5.0,0.0,25.0,10.0,0.0,0.0,0.0,0.0,5.0,0.0,15.0,0.0,0.0,0.0,0.0,1.0,,6.0,6.0,12.0,10.0,0.6,0.6,480.0,86.0,39.8992996,-79.4853973,629478,4417678,17,S
RK908,Ohiopyle,"LJV, TJH",6.0,28.0,2021.0,410.2991034,254.7172646,0.519768125,12.0,120.0,40.0,40.0,30.0,10.0,10.0,25.0,40.0,50.0,20.0,10.0,0.0,5.0,0.0,0.0,20.0,0.0,0.0,0.0,0.0,0.0,0.0,0.0,0.0,0.0,,18.0,4.0,22.0,10.0,1.8,0.4,228.4731903,88.33333333,39.9151001,-79.4772034,630149,4419444,17,S
RK924,Ohiopyle,"TJH,LJV",6.0,28.0,2021.0,442.5177057,62.53655209,2.075260628,15.0,150.0,40.0,45.0,95.0,10.0,10.0,0.0,50.0,10.0,5.0,0.0,30.0,0.0,0.0,0.0,0.0,0.0,0.0,0.0,0.0,5.0,0.0,1.0,0.0,0.0,,10.0,7.0,17.0,10.0,1.0,0.7,607.4537354,84.55555556,39.9179993,-79.4847031,629503,4419755,17,S
RK944,Ohiopyle,"LJV, TJH",7.0,3.0,2021.0,743.3874919,248.4726613,3.991952772,11.0,110.0,55.0,20.0,40.0,20.0,0.0,0.0,5.0,5.0,20.0,20.0,70.0,30.0,0.0,0.0,0.0,0.0,5.0,0.0,0.0,0.0,10.0,0.0,0.0,1.0,,7.0,1.0,8.0,10.0,0.7,0.1,1710.263062,89.33333333,39.8110008,-79.4720001,630791,4407897,17,S
RK910,Ohiopyle,"TJH,LJV",7.0,3.0,2021.0,743.3874919,248.4726613,3.991952772,14.0,140.0,40.0,58.0,5.0,20.0,15.0,0.0,10.0,2.0,0.0,30.0,20.0,95.0,0.0,0.0,0.0,0.0,0.0,0.0,0.0,5.0,0.0,0.0,0.0,0.0,,5.0,1.0,6.0,10.0,0.5,0.1,1364.587891,90.375,39.8059006,-79.4740982,630621,4407328,17,S
RK964,Ohiopyle,AEH/CPC,7.0,2.0,2021.0,818.3550797,126.0317447,1.98968113,10.0,100.0,75.0,40.0,35.0,10.0,50.0,10.0,5.0,10.0,0.0,10.0,0.0,55.0,0.0,0.0,0.0,0.0,0.0,0.0,0.0,0.0,0.0,1.0,1.0,0.0,,0.0,1.0,1.0,10.0,0.0,0.1,768.9603271,88.875,39.8110008,-79.4366989,633813,4407949,17,S
RK1021,Ohiopyle,CJF,7.0,3.0,2021.0,678.8324362,258.6585632,4.489742541,17.0,170.0,35.0,75.0,80.0,65.0,25.0,20.0,0.0,0.0,0.0,0.0,0.0,0.0,0.0,0.0,0.0,0.0,0.0,0.0,0.0,0.0,0.0,0.0,0.0,0.0,,6.0,0.0,6.0,10.0,0.6,0.0,569.2099609,89.44444444,39.8120995,-79.4860992,629582,4407999,17,S
RK966,Ohiopyle,"KBB, RSC",6.0,29.0,2021.0,617.583508,72.65584312,2.318083292,8.0,80.0,40.0,50.0,40.0,40.0,20.0,60.0,20.0,30.0,0.0,0.0,0.0,0.0,0.0,0.0,0.0,0.0,0.0,0.0,0.0,0.0,0.0,0.0,0.0,1.0,,18.0,0.0,18.0,10.0,1.8,0.0,702.9224854,89.77777778,39.9079018,-79.5281982,625804,4418572,17,S
RK913,Ohiopyle,AEH/CPC,7.0,2.0,2021.0,762.6632414,142.9330283,3.508408025,10.0,100.0,60.0,35.0,100.0,0.0,15.0,0.0,5.0,0.0,0.0,35.0,50.0,0.0,0.0,0.0,0.0,0.0,0.0,0.0,0.0,0.0,0.0,0.0,0.0,0.0,,1.0,0.0,1.0,10.0,0.1,0.0,416.7733154,87.5,39.8041,-79.4400024,633544,4407179,17,S
RK1009,Ohiopyle,RSC/KLM,7.0,3.0,2021.0,651.2116629,329.4575514,4.564348439,5.0,50.0,50.0,70.0,55.0,25.0,0.0,5.0,25.0,30.0,25.0,0.0,0.0,0.0,0.0,0.0,15.0,0.0,0.0,0.0,0.0,0.0,0.0,0.0,0.0,0.0,,17.0,6.0,23.0,10.0,1.7,0.6,360.0,85.875,39.8293991,-79.4725037,630713,4409939,17,S
RK1015,Ohiopyle,"TJH,LJV",6.0,28.0,2021.0,464.5131328,77.25626652,3.404740273,19.0,190.0,60.0,60.0,45.0,10.0,0.0,0.0,30.0,35.0,55.0,0.0,0.0,0.0,0.0,0.0,0.0,0.0,0.0,0.0,0.0,5.0,0.0,0.0,1.0,0.0,,1.0,2.0,3.0,10.0,0.1,0.2,502.8916016,88.11111111,39.9281998,-79.4982986,628322,4420868,17,S
RK974,Ohiopyle,CJF,7.0,3.0,2021.0,682.28027,281.1904421,5.192510679,14.0,140.0,45.0,40.0,65.0,10.0,60.0,5.0,0.0,0.0,0.0,45.0,0.0,20.0,0.0,0.0,0.0,0.0,0.0,5.0,0.0,0.0,5.0,0.0,0.0,0.0,,2.0,1.0,3.0,10.0,0.2,0.1,807.2174072,88.875,39.8181992,-79.4838028,629767,4408679,17,S
RK1054,Ohiopyle,RSC/KBB,6.0,29.0,2021.0,586.2232068,78.63105547,2.552333334,20.0,200.0,5.0,40.0,45.0,5.0,5.0,30.0,0.0,25.0,25.0,90.0,30.0,0.0,0.0,0.0,0.0,0.0,0.0,0.0,0.0,0.0,0.0,0.0,0.0,0.0,,9.0,4.0,13.0,10.0,0.9,0.4,1087.474121,88.125,39.9062996,-79.5214996,626379,4418404,17,S
RK621,SGL034,RSC/KBB,7.0,8.0,2021.0,648.1517522,222.4960492,0.127973522,11.0,110.0,75.0,100.0,25.0,0.0,0.0,0.0,0.0,0.0,25.0,0.0,0.0,0.0,0.0,0.0,0.0,0.0,0.0,0.0,25.0,0.0,50.0,1.0,0.0,0.0,,0.0,0.0,0.0,10.0,0.0,0.0,323.1098938,83.875,41.2032013,-78.3143997,725179,4564792,17,T
RK934,Ohiopyle,RSC/KBB,6.0,29.0,2021.0,623.3533615,89.73996064,2.52864312,15.0,150.0,25.0,85.0,55.0,0.0,0.0,40.0,10.0,5.0,0.0,60.0,5.0,5.0,0.0,0.0,0.0,0.0,0.0,0.0,5.0,5.0,0.0,0.0,1.0,1.0,,6.0,11.0,18.0,10.0,0.6,1.1,603.7383423,88.875,39.9015999,-79.5298004,625678,4417870,17,S
RK929,Ohiopyle,SGS/FD,7.0,4.0,2021.0,533.6806593,282.4704931,4.332785714,12.0,120.0,60.0,35.0,35.0,10.0,30.0,5.0,30.0,30.0,60.0,0.0,0.0,0.0,0.0,0.0,0.0,0.0,0.0,0.0,0.0,5.0,0.0,0.0,0.0,1.0,,,,,,,,127.279213,87.88888889,39.8802986,-79.4664001,631139,4415597,17,S
RK955,Ohiopyle,RSC/KLM,7.0,3.0,2021.0,743.1273146,324.330126,3.617405238,8.0,80.0,5.0,0.0,40.0,0.0,10.0,20.0,95.0,40.0,0.0,0.0,50.0,40.0,0.0,0.0,0.0,0.0,0.0,0.0,0.0,0.0,0.0,0.0,0.0,0.0,,13.0,7.0,20.0,10.0,1.3,0.7,939.6275635,87.88888889,39.8194008,-79.4534988,632359,4408857,17,S
RK1024,Ohiopyle,"TJH,LJV",6.0,28.0,2021.0,381.3084529,63.13041826,1.269876929,12.0,120.0,25.0,55.0,50.0,0.0,5.0,0.0,25.0,0.0,0.0,0.0,10.0,15.0,50.0,0.0,0.0,0.0,25.0,15.0,0.0,5.0,20.0,0.0,0.0,0.0,,10.0,8.0,18.0,10.0,1.0,0.8,324.4996338,87.5,39.9342995,-79.4932022,628746,4421552,17,S
RK931,Ohiopyle,CJF,7.0,3.0,2021.0,749.0808047,285.2961359,3.876993259,12.0,120.0,90.0,60.0,60.0,7.0,30.0,10.0,3.0,0.0,0.0,0.0,10.0,30.0,0.0,0.0,0.0,0.0,0.0,0.0,0.0,0.0,0.0,0.0,0.0,1.0,,1.0,2.0,3.0,10.0,0.1,0.2,1368.210571,89.5,39.8157005,-79.4759979,630440,4408413,17,S
RK1000,Ohiopyle,AEH/CPC,6.0,30.0,2021.0,478.9691783,270.621823,4.06040287,13.0,130.0,50.0,55.0,15.0,30.0,0.0,25.0,0.0,0.0,0.0,20.0,20.0,15.0,0.0,0.0,0.0,0.0,15.0,5.0,0.0,10.0,40.0,1.0,0.0,0.0,,4.0,2.0,6.0,10.0,0.4,0.2,152.9705811,88.22222222,39.8730011,-79.4779968,630161,4414770,17,S
RK1044,Ohiopyle,AEH/CPC,6.0,30.0,2021.0,508.573511,248.7429267,1.497604724,12.0,120.0,25.0,0.0,30.0,0.0,0.0,10.0,30.0,5.0,30.0,5.0,0.0,30.0,0.0,0.0,0.0,40.0,95.0,0.0,0.0,0.0,0.0,0.0,0.0,0.0,,4.0,2.0,6.0,10.0,0.4,0.2,94.86833191,86.125,39.8604012,-79.4723969,630664,4413380,17,S
RK1022,Ohiopyle,KLM/RSC,6.0,28.0,2021.0,498.3107971,89.51685859,2.840767164,4.0,40.0,0.0,5.0,20.0,0.0,0.0,40.0,95.0,85.0,40.0,0.0,5.0,0.0,0.0,0.0,0.0,5.0,5.0,0.0,0.0,0.0,0.0,0.0,0.0,0.0,,8.0,17.0,25.0,10.0,0.8,1.7,394.5883789,83.44444444,39.9141998,-79.4953003,628604,4419318,17,S
RK893,Ohiopyle,KLM/CPC,6.0,29.0,2021.0,503.8305321,85.60686135,2.719080951,18.0,180.0,25.0,15.0,85.0,10.0,15.0,5.0,15.0,5.0,10.0,50.0,65.0,0.0,0.0,0.0,0.0,0.0,0.0,0.0,0.0,0.0,0.0,0.0,0.0,1.0,,20.0,2.0,22.0,10.0,2.0,0.2,254.5584259,91.25,39.8977013,-79.5075989,627583,4417469,17,S
RK1051,Ohiopyle,"CJF, FD, SS",6.0,29.0,2021.0,481.4624452,291.0074994,2.757799306,15.0,150.0,55.0,50.0,60.0,45.0,0.0,0.0,0.0,30.0,5.0,0.0,0.0,30.0,0.0,0.0,0.0,0.0,10.0,5.0,0.0,10.0,0.0,0.0,0.0,0.0,,7.0,1.0,8.0,10.0,0.7,0.1,305.9411621,91.44444444,39.8586006,-79.4814987,629889,4413167,17,S
RK906,Ohiopyle,"TJH, LJV",6.0,29.0,2021.0,658.2256044,89.06531716,2.729566339,12.0,120.0,60.0,70.0,45.0,40.0,20.0,50.0,0.0,0.0,0.0,0.0,10.0,5.0,0.0,0.0,0.0,0.0,0.0,0.0,0.0,0.0,0.0,0.0,1.0,0.0,,0.0,1.0,1.0,10.0,0.0,0.1,551.543335,90.66666667,39.8959999,-79.5398026,624833,4417235,17,S
RK976,Ohiopyle,RSC/KLM,7.0,3.0,2021.0,749.0808047,285.2961359,3.876993259,12.0,120.0,50.0,25.0,35.0,30.0,50.0,5.0,10.0,0.0,0.0,10.0,0.0,60.0,0.0,0.0,0.0,0.0,5.0,0.0,0.0,20.0,0.0,0.0,0.0,0.0,,0.0,8.0,8.0,10.0,0.0,0.8,1050.0,87.66666667,39.8202019,-79.4716034,630808,4408919,17,S
RK954,Ohiopyle,KLM/RSC,7.0,3.0,2021.0,702.8434794,329.0660851,5.92799415,8.0,80.0,10.0,10.0,10.0,10.0,50.0,40.0,0.0,40.0,50.0,80.0,0.0,0.0,0.0,0.0,0.0,0.0,0.0,0.0,0.0,0.0,0.0,0.0,0.0,0.0,,7.0,1.0,8.0,10.0,0.7,0.1,161.5549469,85.33333333,39.8282013,-79.4561005,632119,4409830,17,S
